{
    "female_female_percentage": {
        "1.0": 0.012244398187829068,
        "2.0": 0.036733194563487205,
        "3.0": 0.08571078731480347,
        "4.0": 0.04897759275131627,
        "5.0": 0.036733194563487205,
        "6.0": 0.09795518550263255,
        "7.0": 0.22039916738092322,
        "8.0": 0.3061099546957267,
        "9.0": 0.36733194563487204,
        "10.0": 0.40406514019835926,
        "11.0": 0.3428431492592139,
        "12.0": 0.6122199093914534,
        "13.0": 0.5754867148279662,
        "14.0": 0.6489531039549407,
        "15.0": 0.7101750948940859,
        "16.0": 1.0652626423411289,
        "17.0": 1.5060609771029754,
        "18.0": 1.8121709317987023,
        "19.0": 2.2529692665605485,
        "20.0": 3.4406758907799677,
        "21.0": 3.048855148769438,
        "22.0": 3.3672095016529937,
        "23.0": 3.5141422799069426,
        "24.0": 4.138606587486225,
        "25.0": 3.685563854536549,
        "26.0": 3.6733194563487204,
        "27.0": 3.6978082527243785,
        "28.0": 3.844741030978328,
        "29.0": 3.5263866780947715,
        "30.0": 3.3427207052773356,
        "31.0": 3.587608669033917,
        "32.0": 3.097832741520754,
        "33.0": 2.9631443614546344,
        "34.0": 2.5713236194441045,
        "35.0": 2.301946859311865,
        "36.0": 1.787682135423044,
        "37.0": 2.0570588955552838,
        "38.0": 2.0325700991796256,
        "39.0": 1.9101261173013349,
        "40.0": 1.5672829680421207,
        "41.0": 1.6897269499204115,
        "42.0": 1.5183053752908044,
        "43.0": 1.591771764417779,
        "44.0": 1.652993755356924,
        "45.0": 1.3468838006611976,
        "46.0": 1.1999510224072487,
        "47.0": 1.0162850495898128,
        "48.0": 1.2734174115342232,
        "49.0": 1.0775070405289582,
        "50.0": 0.9183298640871801,
        "51.0": 0.7836414840210604,
        "52.0": 0.722419493081915,
        "53.0": 0.9550630586506674,
        "54.0": 0.7346638912697441,
        "55.0": 0.7836414840210604,
        "56.0": 0.6489531039549407,
        "57.0": 0.5877311130157953,
        "58.0": 0.550997918452308,
        "59.0": 0.5632423166401371,
        "60.0": 0.4285539365740174,
        "61.0": 0.35508754744704296,
        "62.0": 0.5020203257009918,
        "63.0": 0.4775315293253337,
        "64.0": 0.3918207420105302,
        "65.0": 0.5265091220766499,
        "66.0": 0.22039916738092322,
        "67.0": 0.33059875107138487,
        "68.0": 0.22039916738092322,
        "69.0": 0.3183543528835558,
        "70.0": 0.12244398187829068,
        "71.0": 0.3061099546957267,
        "72.0": 0.14693277825394882,
        "73.0": 0.25713236194441047,
        "74.0": 0.22039916738092322,
        "75.0": 0.22039916738092322,
        "76.0": 0.1959103710052651,
        "77.0": 0.07346638912697441,
        "78.0": 0.07346638912697441,
        "79.0": 0.09795518550263255,
        "80.0": 0.04897759275131627,
        "81.0": 0.07346638912697441,
        "82.0": 0.12244398187829068,
        "83.0": 0.036733194563487205,
        "84.0": 0.09795518550263255,
        "85.0": 0.04897759275131627,
        "86.0": 0.012244398187829068,
        "87.0": 0.036733194563487205,
        "88.0": 0.036733194563487205,
        "89.0": 0.024488796375658137,
        "90.0": 0.024488796375658137,
        "95.0": 0.036733194563487205
    },
    "female_male_percentage": {
        "1.0": 0.008295313148071339,
        "2.0": 0.008295313148071339,
        "3.0": 0.04147656574035669,
        "4.0": 0.016590626296142677,
        "5.0": 0.06636250518457071,
        "6.0": 0.06636250518457071,
        "7.0": 0.10783907092492742,
        "8.0": 0.19908751555371215,
        "9.0": 0.21567814184985484,
        "10.0": 0.15761094981335547,
        "11.0": 0.24056408129406884,
        "12.0": 0.27374533388635425,
        "13.0": 0.31522189962671093,
        "14.0": 0.34840315221899626,
        "15.0": 0.32351721277478224,
        "16.0": 0.3649937785151389,
        "17.0": 0.4479469099958523,
        "18.0": 0.4811281625881377,
        "19.0": 0.5226047283284945,
        "20.0": 0.7880547490667772,
        "21.0": 0.9954375777685608,
        "22.0": 1.1779344670261302,
        "23.0": 1.4102032351721276,
        "24.0": 1.783492326835338,
        "25.0": 1.8332642057237662,
        "26.0": 2.281211115719618,
        "27.0": 2.588137702198258,
        "28.0": 2.637909581086686,
        "29.0": 2.8701783492326833,
        "30.0": 3.1854002488593944,
        "31.0": 3.0443799253421817,
        "32.0": 3.226876814599751,
        "33.0": 3.1605143094151806,
        "34.0": 3.1024471173786807,
        "35.0": 3.177104935711323,
        "36.0": 3.0277892990460393,
        "37.0": 3.1854002488593944,
        "38.0": 2.903359601824969,
        "39.0": 2.737453338863542,
        "40.0": 2.96972210700954,
        "41.0": 2.7706345914558272,
        "42.0": 2.579842389050187,
        "43.0": 2.41393612608876,
        "44.0": 2.5217751970136875,
        "45.0": 2.1236001659062627,
        "46.0": 2.198257984238905,
        "47.0": 1.974284529240979,
        "48.0": 2.397345499792617,
        "49.0": 1.692243882206553,
        "50.0": 1.7669017005391954,
        "51.0": 1.7420157610949814,
        "52.0": 1.5429282455412692,
        "53.0": 1.2360016590626295,
        "54.0": 1.534632932393198,
        "55.0": 1.3853172957279136,
        "56.0": 1.3023641642472004,
        "57.0": 1.1779344670261302,
        "58.0": 1.0120282040647033,
        "59.0": 0.9456656988801329,
        "60.0": 1.1115719618415594,
        "61.0": 1.0203235172127747,
        "62.0": 0.7714641227706346,
        "63.0": 0.6802156781418499,
        "64.0": 0.5972625466611364,
        "65.0": 0.6138531729572791,
        "66.0": 0.5309000414765657,
        "67.0": 0.5640812940688511,
        "68.0": 0.4977187888842804,
        "69.0": 0.3732890916632103,
        "70.0": 0.34840315221899626,
        "71.0": 0.2322687681459975,
        "72.0": 0.25715470759021153,
        "73.0": 0.34010783907092496,
        "74.0": 0.15761094981335547,
        "75.0": 0.26545002073828283,
        "76.0": 0.11613438407299875,
        "77.0": 0.10783907092492742,
        "78.0": 0.13272501036914142,
        "79.0": 0.09124844462878473,
        "80.0": 0.05806719203649938,
        "81.0": 0.09954375777685608,
        "82.0": 0.09954375777685608,
        "83.0": 0.07465781833264205,
        "84.0": 0.04147656574035669,
        "85.0": 0.033181252592285354,
        "86.0": 0.07465781833264205,
        "87.0": 0.033181252592285354,
        "88.0": 0.016590626296142677,
        "89.0": 0.008295313148071339,
        "90.0": 0.008295313148071339,
        "92.0": 0.02488593944421402,
        "99.0": 0.008295313148071339
    },
    "male_female_percentage": {
        "1.0": 0.012349871870079347,
        "2.0": 0.03241841365895829,
        "3.0": 0.03087467967519837,
        "4.0": 0.06020562536663682,
        "5.0": 0.09416777300935503,
        "6.0": 0.1590046003272716,
        "7.0": 0.22229769366142824,
        "8.0": 0.2624347772391861,
        "9.0": 0.3349902744759023,
        "10.0": 0.4214393775664577,
        "11.0": 0.4121769736638982,
        "12.0": 0.4198956435826978,
        "13.0": 0.4831887369168545,
        "14.0": 0.5433943622834914,
        "15.0": 0.6298434653740468,
        "16.0": 0.8197227453765168,
        "17.0": 1.1284695421285005,
        "18.0": 1.650251628639353,
        "19.0": 2.111828089783568,
        "20.0": 2.574948284911544,
        "21.0": 3.0751180956497577,
        "22.0": 3.632406063787088,
        "23.0": 3.9457840624903517,
        "24.0": 4.245268455339776,
        "25.0": 4.378029577943129,
        "26.0": 4.34561116428417,
        "27.0": 4.089351322980024,
        "28.0": 4.1094198647689035,
        "29.0": 3.8948408410262743,
        "30.0": 3.553675630615332,
        "31.0": 3.385408626385501,
        "32.0": 3.1291487850813544,
        "33.0": 2.7941585106054525,
        "34.0": 2.764827564914014,
        "35.0": 2.5564234771064247,