{
    "Female Directors": {
        "anger": 18.53236060385206,
        "disgust": 13.52633498556361,
        "fear": 13.816908077243125,
        "joy": 8.123767796795715,
        "neutral": 20.957696606714805,
        "sadness": 20.052380874857363,
        "surprise": 4.9905510549733165
    },
    "Male Directors": {
        "anger": 19.778694948554755,
        "disgust": 13.525637976567786,
        "fear": 16.186803313264893,
        "joy": 6.579501683879367,
        "neutral": 21.5022622121467,
        "sadness": 17.64452570523599,
        "surprise": 4.782574160350513
    }
}
